{"mean": [1997.6781074438202, 27.97557584269663, 84.22781688904493, 8585.4454002809, 820.8674306530899, 10.979529804917057, 54.194583033206634, 83.39281191765893, 8.373855893766859, 0.1973314606741573, 0.20409058988764045, 0.19583918539325842, 0.19873595505617977, 0.20400280898876405], "scale": [9.254348260532444, 0.8805193810949538, 2.1739001563030236, 13225.840997804104, 353.57079790727306, 0.988108061067077, 6.967037615293007, 10.242436880392361, 1.8881732162416138, 0.3979846169167357, 0.4030355083698649, 0.3968453084739234, 0.3990488381440145, 0.40297104475812884]}